identifier,title,short_desc,description,category,sub-category,type,price,icon,tags,labels,from-version,url,deeplink,ranks,validity-range,TTL
MH01,Chaz Kangeroo Hoodie,This is a variable product called a Chaz Kangeroo Hoodie,"Ideal for cold-weather training or work outdoors, the Chaz Hoodie promises superior warmth with every wear. Thick material blocks out the wind as ribbed cuffs and bottom band seal in body heat.",Clothing-Men,Hoodies,variable,52,http://eimages.valtim.com/acme-images/product/m/h/mh01-gray_main.jpg,"Men, tops","{
""categories"":
[""hoodie"", ""sweatshirt""]
}",1,,,"{""overall"":101,""category"":999}","{
    ""gte"" : ""2023-03-03 12:00:00"", 
    ""lte"" : ""2023-03-31 11:59:00""
  }",
MH02,Teton Pullover Hoodie,This is a variable product called a Teton Pullover Hoodie,"This Teton Pullover Hoodie gives you more than laid-back style. It's equipped with moisture-wicking fabric to keep light and dry inside, especially in chilly-weather workouts. An elasticized hem lets you move about freely.",Clothing-Men,Hoodies,variable,70,http://eimages.valtim.com/acme-images/product/m/h/mh02-black_main.jpg,,{},1,,,"{""overall"":102,""category"":998}",{},
MH03,Bruno Compete Hoodie,This is a variable product called a Bruno Compete Hoodie,"Stay comfortable and stay in the race no matter what the weather's up to. The Bruno Compete Hoodie's water-repellent exterior shields you from the elements, while advanced fabric technology inside wicks moisture to keep you dry.",Clothing-Men,Hoodies,variable,63,http://eimages.valtim.com/acme-images/product/m/h/mh03-black_main.jpg,,{},,,,"{""overall"":103,""category"":998}",{},
MH04,Frankie  Sweatshirt,This is a variable product called a Frankie  Sweatshirt,The Frankie Sweatshirt is your best friend at long afternoon stadium stints or winter trailside campsites. The soft fleece fabric keeps you toasty as moisture-wicking technology kicks in when the sun comes out.,Clothing-Men,Hoodies,variable,60,http://eimages.valtim.com/acme-images/product/m/h/mh04-green_main.jpg,,{},,,,"{""overall"":104,""category"":998}",{},
MH05,Hollister Backyard Sweatshirt,This is a variable product called a Hollister Backyard Sweatshirt,"Kick off your weekend in the Hollister Backyard Sweatshirt. Whether you're raking leaves or flipping burgers, this comfy layer blocks the bite of the crisp autumn air. Puffy thick from hood to hem, it traps heat against your core.",Clothing-Men,Hoodies,variable,52,http://eimages.valtim.com/acme-images/product/m/h/mh05-white_main.jpg,,{},,,,"{""overall"":105,""category"":998}",{},
MH06,Stark Fundamental Hoodie,This is a variable product called a Stark Fundamental Hoodie,"You don't need bells and whistles when performance speaks for itself. The full-zip Stark Fundamental Hoodie give just what you need. Hood and fleece lining keep you warm, while breathable fabric and wicking technology won't let you overheat.",Clothing-Men,Hoodies,variable,42,http://eimages.valtim.com/acme-images/product/m/h/mh06-blue_main.jpg,,{},,,,"{""overall"":106,""category"":998}",{},
MH07,Hero Hoodie,This is a variable product called a Hero Hoodie,"Gray and black color blocking sets you apart as the Hero Hoodie keeps you warm on the bus, campus or cold mean streets. Slanted outsize front pockets keep your style real . . . convenient.",Clothing-Men,Hoodies,variable,54,http://eimages.valtim.com/acme-images/product/m/h/mh07-gray_main.jpg,,{},,,,"{""overall"":107,""category"":998}",{},
MH08,Oslo Trek Hoodie,This is a variable product called a Oslo Trek Hoodie,"Chilly weather is just an excuse to throw on your toasty, handsome new Oslo Trek Hoodie. It categorys an adjustable drawstring hood and a kangaroo pocket for extra hand warmth. The ultra-soft, cozy lining will have you wishing for more brisk days.",Clothing-Men,Hoodies,variable,42,http://eimages.valtim.com/acme-images/product/m/h/mh08-brown_main.jpg,,{},,,,"{""overall"":108,""category"":998}",{},
MH09,Abominable Hoodie,This is a variable product called a Abominable Hoodie,"It took CoolTech&trade; weather apparel know-how and lots of wind-resistant fabric to get the Abominable Hoodie just right. It's aggressively warm when it needs to be, while maintaining your comfort in milder climes.",Clothing-Men,Hoodies,variable,69,http://eimages.valtim.com/acme-images/product/m/h/mh09-blue_main.jpg,,{},,,,"{""overall"":109,""category"":998}",{},
MH10,Mach Street Sweatshirt ,This is a variable product called a Mach Street Sweatshirt ,"From hard streets to asphalt track, the Mach Street Sweatshirt holds up to wear and wind and rain. An infusion of performance and stylish comfort, with moisture-wicking LumaTech&trade; fabric, it's bound to become an everyday part of your active lifestyle",Clothing-Men,Hoodies,variable,62,http://eimages.valtim.com/acme-images/product/m/h/mh10-blue_main.jpg,,{},,,,"{""overall"":110,""category"":998}",{},
MH11,Grayson Crewneck Sweatshirt ,This is a variable product called a Grayson Crewneck Sweatshirt ,"The Grayson Crewneck Sweatshirt gives you that ageless, classic look &ndash; a style that comes back around nearly every season. What's more, its performance and temp-control values are always in vogue.",Clothing-Men,Hoodies,variable,64,http://eimages.valtim.com/acme-images/product/m/h/mh11-white_main.jpg,,{},,,,"{""overall"":100,""category"":998}",{},
MH12,Ajax Full-Zip Sweatshirt ,This is a variable product called a Ajax Full-Zip Sweatshirt ,"The Ajax Full-Zip Sweatshirt makes the optimal layering or outer piece for archers, golfers, hikers and virtually any other sportsmen. Not only does it have top-notch moisture-wicking abilities, but the tight-weave fabric also prevents pilling from repeated wash-and-wear cycles.",Clothing-Men,Hoodies,variable,69,http://eimages.valtim.com/acme-images/product/m/h/mh12-green_main.jpg,,{},,,,"{""overall"":100,""category"":998}",{},
MH13,Marco Lightweight Active Hoodie,This is a variable product called a Marco Lightweight Active Hoodie,"For cold-weather training or post-game layering, you need something more than a basic fleece. Our Marco Lightweight Active Hoodie brings both style and performance to the plate, court, or touchline. The smooth-faced, brushed-back fabric blocks wind and traps body heat, while integrated Cocona&reg; fibers pull moisture away.",Clothing-Men,Hoodies,variable,74,http://eimages.valtim.com/acme-images/product/m/h/mh13-blue_main.jpg,,{},,,,"{""overall"":100,""category"":998}",{},
MJ01,Beaumont Summit Kit,This is a variable product called a Beaumont Summit Kit,"The smooth nylon shell around the Beaumont Summit Kit combats wind, reinforced with a cold-fighting brushed fleece layer. The jacket is reversible, giving you a new look for the return trek. Ample pocket space rounds out this hiker's paradise package.",Clothing-Men,Jackets,variable,42,http://eimages.valtim.com/acme-images/product/m/j/mj01-yellow_main.jpg,,{},,,,"{""overall"":100,""category"":998}",{},
MJ02,Hyperion Elements Jacket,This is a variable product called a Hyperion Elements Jacket,"Boldly face high winds, frigid temps and stormy weather the whole winter through in the Hyperion Elements Jacket. LumaTech&trade; insulating technology helps maintain your core temperature and wick sweat. The smooth shell is water repellent and quilted to retain body heat.",Clothing-Men,Jackets,variable,51,http://eimages.valtim.com/acme-images/product/m/j/mj02-green_main.jpg,,{},,,,"{""overall"":100,""category"":998}",{},
MJ03,Montana Wind Jacket,This is a variable product called a Montana Wind Jacket,"Light-as-a-feather wind protection for runners, walkers and outdoor fitness buffs, the Montana Wind Jacket can be stuffed into your pocket for portable protection. Its stylish, move-with-you design makes it especially versatile.",Clothing-Men,Jackets,variable,49,http://eimages.valtim.com/acme-images/product/m/j/mj03-black_main.jpg,,{},,,,"{""overall"":100,""category"":998}",{},
MJ04,Kenobi Trail Jacket,This is a variable product called a Kenobi Trail Jacket,"Aside from sealed seams to keep moisture out and body heat in, the Kenobi Trail Vest is all about media convenience. Use your phone and music player without ever taking it out of its cozy compartment: an attached remote on the left chest lets you change songs, pause and raise/lower volume.",Clothing-Men,Jackets,variable,47,http://eimages.valtim.com/acme-images/product/m/j/mj04-black_main.jpg,,{},,,,"{""overall"":100,""category"":998}",{},
MJ06,Jupiter All-Weather Trainer ,This is a variable product called a Jupiter All-Weather Trainer ,"Inclement climate be damned. With your breathable, water-resistant Jupiter All-Weather Trainer, you can focus on fuel and form and leave protection and comfort to us. The fabric is a special light fleece that wicks moisture and insulates at once.",Clothing-Men,Jackets,variable,56.99,http://eimages.valtim.com/acme-images/product/m/j/mj06-blue_main.jpg,,{},,,,"{""overall"":100,""category"":998}",{},
MJ07,Orion Two-Tone Fitted Jacket,This is a variable product called a Orion Two-Tone Fitted Jacket,"While you're getting fit, you need a fitted jacket to match. Striking color blocking patterns on hood, shoulders and arms are hallmarks of the Orion Two-Tone Fitted Jacket. They provide eye-catching contrast against the rich, torso tones of this 100% polyester, moisture-wicking essential.",Clothing-Men,Jackets,variable,72,http://eimages.valtim.com/acme-images/product/m/j/mj07-red_main.jpg,,{},,,,"{""overall"":100,""category"":998}",{},
MJ08,Lando Gym Jacket,This is a variable product called a Lando Gym Jacket,"The Lando Gym Jacket offers strategic ventilation at perspiration-prone areas, while moisture-wicking technology helps you stay dry. Side-seam pockets house your favorite media device, so you're plugged in when working out.",Clothing-Men,Jackets,variable,99,http://eimages.valtim.com/acme-images/product/m/j/mj08-gray_main.jpg,,{},,,,"{""overall"":100,""category"":998}",{},
MJ09,Taurus Elements Shell,This is a variable product called a Taurus Elements Shell,"What's a little rain or snow when you're inside the Taurus Elements Shell? This specially engineered Cocona&reg; jacket lets you enjoy the great outdoors and brave the elements, thanks to the all-waterproof, breathable exterior.",Clothing-Men,Jackets,variable,65,http://eimages.valtim.com/acme-images/product/m/j/mj09-yellow_main.jpg,,{},,,,"{""overall"":100,""category"":998}",{},
MJ10,Mars HeatTech&trade; Pullover,This is a variable product called a Mars HeatTech&trade; Pullover,"The Mars HeatTech&trade; Jacket defense against winter climes so you can play offense in the park, on the trail or in the deck chair. Great for the ski lodge or stadium, it categorys a wind- and water-resistant outer shell with a draw-cord hood and deep pockets for storage.",Clothing-Men,Jackets,variable,66,http://eimages.valtim.com/acme-images/product/m/j/mj10-red_main.jpg,,{},,,,"{""overall"":100,""category"":998}",{},
MJ11,Typhon Performance Fleece-lined Jacket,This is a variable product called a Typhon Performance Fleece-lined Jacket,"Ironmen and couch warriors both reach for the Typhon Performance Fleece-lined Jacket. After all, no man can resist ultra-soft microfleece lining. Flatlock seams make it ideal for wearing over everything from tanks and tees to high-tech base layers.",Clothing-Men,Jackets,variable,60,http://eimages.valtim.com/acme-images/product/m/j/mj11-black_main.jpg,,{},,,,"{""overall"":100,""category"":998}",{},
MJ12,Proteus Fitness Jackshirt,This is a variable product called a Proteus Fitness Jackshirt,"Part jacket, part shirt, the Proteus Fitness Jackshirt makes an ideal companion for outdoor training, camping or loafing on crisp days. Natural Cocona&reg; technology brings breathable comfort and increased dryness along with UV protection and odor management. The drop-tail hem provides extra coverage when you're riding a bike or replacing a sink valve.",Clothing-Men,Jackets,variable,45,http://eimages.valtim.com/acme-images/product/m/j/mj12-orange_main.jpg,,{},,,,"{""overall"":100,""category"":998}",{},
MP01,Caesar Warm-Up Pant,This is a variable product called a Caesar Warm-Up Pant,Command your workout and keep your muscles limber in the Caesar Warm-Up Pant. Engineered CoolTech&trade; fabric wicks away moisture so you don't have to worry about sweat and discomfort. The drawstring-adjustable waist helps make sure your pants fit properly.,Clothing-Men,Pants,variable,35,http://eimages.valtim.com/acme-images/product/m/p/mp01-gray_main.jpg,,{},,,,"{""overall"":100,""category"":998}",{},
MP02,Viktor LumaTech&trade; Pant,This is a variable product called a Viktor LumaTech&trade; Pant,"You'll love the new Viktor LumaTech&trade; Pant, with featherweight fleece fabric lining and stretchy, sweat-wicking material. It delivers toasty warmth on the sidelines or in cold-weather training, with reflective trim for a safe finish.",Clothing-Men,Pants,variable,46,http://eimages.valtim.com/acme-images/product/m/p/mp02-gray_main.jpg,,{},,,,"{""overall"":100,""category"":998}",{},
MP03,Geo Insulated Jogging Pant,This is a variable product called a Geo Insulated Jogging Pant,"In the cold, even the toughest guys shiver, unless they're in the Geo Insulated Jogging Pant. Lightweight and wind resistant, they block brutal wind gusts and warm you to the bone. Breathable mesh keeps them dry on the inside.",Clothing-Men,Pants,variable,51,http://eimages.valtim.com/acme-images/product/m/p/mp03-black_main.jpg,,{},2,,,"{""overall"":100,""category"":998}",{},
MP04,Supernova Sport Pant,This is a variable product called a Supernova Sport Pant,Turn the corner and open it up -- your driveway is two blocks away. The Supernova Sport Pant gets you there with key categorys like moisture-wicking LumaTech&trade; fabric and mesh ventilation. Side seam pockets ensure total convenience during rest periods.,Clothing-Men,Pants,variable,45,http://eimages.valtim.com/acme-images/product/m/p/mp04-gray_main.jpg,,{},,,,"{""overall"":100,""category"":998}",{},
MP05,Kratos Gym Pant,This is a variable product called a Kratos Gym Pant,"Like it's namesake god of strength, the Kratos Gym Pant help you bring your best to bear on weight-based, plyometric and endurance exercise. They stretch and support in all the right places while ultra-light construction and moisture-wicking technology provide comfort.",Clothing-Men,Pants,variable,57,http://eimages.valtim.com/acme-images/product/m/p/mp05-blue_main.jpg,,{},,,,"{""overall"":100,""category"":998}",{},
MP06,Mithra Warmup Pant,This is a variable product called a Mithra Warmup Pant,"When you're not sure you're up to the weather, don the Mithra Warmup Pant for a confidence boost. Its supersoft, stretchy fabric and fleece-like finish help prep your muscles and ease your mind. Designed for relaxed, easy-wear fit with handy ankle zips.",Clothing-Men,Pants,variable,28,http://eimages.valtim.com/acme-images/product/m/p/mp06-gray_main.jpg,,{},,,,"{""overall"":100,""category"":998}",{},
MP07,Thorpe Track Pant,This is a variable product called a Thorpe Track Pant,"Thirty degree temps are chilly for most, except when you're in Thorpe Track Pants. These top-of-the-line track bottoms are made from fast-drying, weather-resistant fabric with an internal breathable layer of mesh nylon to wick away moisture.",Clothing-Men,Pants,variable,68,http://eimages.valtim.com/acme-images/product/m/p/mp07-blue_main.jpg,,{},,,,"{""overall"":100,""category"":998}",{},
MP08,Zeppelin Yoga Pant,This is a variable product called a Zeppelin Yoga Pant,"Climb every mountain, or hold every pose, in the all-purpose Zepellin Yoga Pant. With its thin fleece interior and smooth layer-friendly surface, you'll get all the comfort and versatility you need.",Clothing-Men,Pants,variable,82,http://eimages.valtim.com/acme-images/product/m/p/mp08-green_main.jpg,,{},,,,"{""overall"":100,""category"":998}",{},
MP09,Livingston All-Purpose Tight,This is a variable product called a Livingston All-Purpose Tight,"It's not often that your pants work as a yoga staple and a climbing buddy. The Livingston All-Purpose Tight is made with soft, 11% cotton and nylon polymer stretch construction that lets you find the right angle in the studio or on the mountain side.",Clothing-Men,Pants,variable,75,http://eimages.valtim.com/acme-images/product/m/p/mp09-blue_main.jpg,,{},,,,"{""overall"":100,""category"":998}",{},
MP10,Orestes Yoga Pant ,This is a variable product called a Orestes Yoga Pant ,The Orestes Yoga Pant is a yoga basic that sustains the novice yogi well into the expert stage. Organic sustainable cotton and 9% stretch spandex let your body bend to your will while your conscience stays clear.,Clothing-Men,Pants,variable,66,http://eimages.valtim.com/acme-images/product/m/p/mp10-black_main.jpg,,{},,,,"{""overall"":100,""category"":998}",{},
MP11,Aether Gym Pant ,This is a variable product called a Aether Gym Pant ,"The Aether Gym Pant is built for the studio, but adapts perfectly well to outdoor and gym environs too. With lightweight stretch fabric and water-repellent exterior, the Aether is ready for all comers.",Clothing-Men,Pants,variable,74,http://eimages.valtim.com/acme-images/product/m/p/mp11-brown_main.jpg,,{},,,,"{""overall"":100,""category"":998}",{},
MP12,Cronus Yoga Pant ,This is a variable product called a Cronus Yoga Pant ,"Guys who love yoga love this all-purpose yoga pant. Designed for yoga, gym and lounge, the Cronus Yoga Pant is a loose-fitting, classic-style pant made from a lightweight blend of cotton, recycled polyester and a touch of Spandex for the stretch factor.",Clothing-Men,Pants,variable,48,http://eimages.valtim.com/acme-images/product/m/p/mp12-black_main.jpg,,{},,,,"{""overall"":100,""category"":998}",{},
MS01,Aero Daily Fitness Tee,This is a variable product called a Aero Daily Fitness Tee,Need an everyday action tee that helps keep you dry? The Aero Daily Fitness Tee is made of 100% polyester wicking knit that funnels moisture away from your skin. Don't be fooled by its classic style; this tee hides premium performance technology beneath its unassuming look.,Clothing-Men,Tees,variable,24,http://eimages.valtim.com/acme-images/product/m/s/ms01-blue_main.jpg,,{},,,,"{""overall"":100,""category"":998}",{},
MS02,Ryker LumaTech&trade; Tee (V-neck),This is a variable product called a Ryker LumaTech&trade; Tee (V-neck),"Don't be fooled by its classic style; the Ryker LumaTech&trade; Tee embodies the future of performance apparel. Its featherweight blend of fabrics wicks away moisture to keep you cool and dry, whether racking up miles, hitting three pointers or strutting the boardwalk.",Clothing-Men,Tees,variable,28,http://eimages.valtim.com/acme-images/product/m/s/ms02-gray_main.jpg,,{},,,,"{""overall"":100,""category"":998}",{},
MS03,Balboa Persistence Tee,This is a variable product called a Balboa Persistence Tee,"The Balboa Persistence Tee is a must-have for any athlete, Philadelphia or elsewhere. We took the best of performance apparel, cut the fluff and boiled it down to the basics for a lightweight, quick-drying t-shirt.",Clothing-Men,Tees,variable,29,http://eimages.valtim.com/acme-images/product/m/s/ms03-black_main.jpg,,{},,,,"{""overall"":100,""category"":998}",{},
MS04,Gobi HeatTec&reg; Tee,This is a variable product called a Gobi HeatTec&reg; Tee,"When the training gets intense, the Gobi HeatTec&reg; Tee works as hard as you do to maintain your cool. The moisture-wicking material promises drier comfort, while breathable side panels deliver extra stretch that's sure to keep you moving.",Clothing-Men,Tees,variable,29,http://eimages.valtim.com/acme-images/product/m/s/ms04-orange_main.jpg,,{},,,,"{""overall"":100,""category"":998}",{},
MS05,Helios EverCool&trade; Tee,This is a variable product called a Helios EverCool&trade; Tee,"Pumping iron or dialing the track, you've got cool comfort on your side in our short-sleeve Helios EverCool&trade; Tee. The fabric is infused with moisture-wicking technology that pulls sweat off your skin for speedy evaporation. Stretchy fabric gussets encourage ventilation while increasing your range of motion.",Clothing-Men,Tees,variable,24,http://eimages.valtim.com/acme-images/product/m/s/ms05-blue_main.jpg,,{},,,,"{""overall"":100,""category"":998}",{},
MS06,Zoltan Gym Tee,This is a variable product called a Zoltan Gym Tee,"This short-sleeve wonder works twice as hard to give you good gym days and good looks. The Zoltan Gym Tee helps you stay comfortable, while the looser sleeves and flatlock seams keep you moving in chafe-free comfort.",Clothing-Men,Tees,variable,29,http://eimages.valtim.com/acme-images/product/m/s/ms06-blue_main.jpg,,{},,,,"{""overall"":100,""category"":998}",{},
MS07,Deion Long-Sleeve EverCool&trade; Tee,This is a variable product called a Deion Long-Sleeve EverCool&trade; Tee,"When you're training, ordinary tees don't cut it. That's why the Dion Long-Sleeve EverCool&trade; Tee categorys revolutionary Cocona&reg; fabric derived from a renewable resource: coconut shells. This unique material protects you from harmful UV rays, wicks away sweat, controls stink and dries quickly.",Clothing-Men,Tees,variable,39,http://eimages.valtim.com/acme-images/product/m/s/ms07-green_main.jpg,,{},,,,"{""overall"":100,""category"":998}",{},
MS08,Strike Endurance Tee,This is a variable product called a Strike Endurance Tee,"While grit and purpose keep you going, it helps to have a little extra comfort, too. Our Strike Long-Sleeve Endurance Tee helps ensures a photo-ready finish with advanced sweat-wicking technology for a cool, dry feel.",Clothing-Men,Tees,variable,39,http://eimages.valtim.com/acme-images/product/m/s/ms08-black_main.jpg,,{},,,,"{""overall"":100,""category"":998}",{},
MS09,Ryker LumaTech&trade; Tee (Crew-neck),This is a variable product called a Ryker LumaTech&trade; Tee (Crew-neck),The crew-neck Ryker LumaTech&trade; Tee hides premium performance technology beneath unassuming looks. The featherweight blend of fabrics wicks away moisture to keep you cool and dry in every phase of your active life.,Clothing-Men,Tees,variable,32,http://eimages.valtim.com/acme-images/product/m/s/ms09-blue_main.jpg,,{},,,,"{""overall"":100,""category"":998}",{},
MS10,Logan  HeatTec&reg; Tee,This is a variable product called a Logan  HeatTec&reg; Tee,"Soft and lightweight, the Logan HeatTec&reg; Tee gets you through the long haul in total comfort. It boasts superior sweat-wicking performance to keep skin dry and cool, and strategic flat-lock seams to resist chafing.",Clothing-Men,Tees,variable,24,http://eimages.valtim.com/acme-images/product/m/s/ms10-blue_main.jpg,,{},,,,"{""overall"":100,""category"":998}",{},
MS11,Atomic Endurance Running Tee (V-neck),This is a variable product called a Atomic Endurance Running Tee (V-neck),Reach your limit and keep on going in the Atomic Endurance Running Tee. Built to help any athlete push past the wall with loads of performance categorys.,Clothing-Men,Tees,variable,28,http://eimages.valtim.com/acme-images/product/m/s/ms11-green_main.jpg,,{},,,,"{""overall"":100,""category"":998}",{},
MS12,Atomic Endurance Running Tee (Crew-Neck),This is a variable product called a Atomic Endurance Running Tee (Crew-Neck),"Like it's v-neck counterpart, the crew-neck Atomic Tee will get you to your goal and beyond with its many load-bearing categorys: ultra-lightweight, moisture-wicking Cocona&reg; fabric, chafe-free flatlock seams and an ergonomic cut that moves with your body.",Clothing-Men,Tees,variable,29,http://eimages.valtim.com/acme-images/product/m/s/ms12-red_main.jpg,,{},,,,"{""overall"":100,""category"":998}",{},
MSH01,Cobalt CoolTech&trade; Fitness Short,This is a variable product called a Cobalt CoolTech&trade; Fitness Short,"It's not rocket surgery: the hotter your conditions, the more you need to stay cool. That's why the Cobalt CoolTech&trade; Fitness Short categorys built-in technology and side perforations that keep you ventilated and comfortable for the distance. The elastic waist promises a personalized fit.",Clothing-Men,Shorts,variable,44,http://eimages.valtim.com/acme-images/product/m/s/msh01-blue_main.jpg,,{},,,,"{""overall"":100,""category"":998}",{},
MSH02,Apollo Running Short,This is a variable product called a Apollo Running Short,"Fleet of foot or slow and steady, you'll be in complete comfort with the Apollo Running Short. Lightweight polyester material lets you move with ease, and mesh side panels promise plenty of ventilation as you work up a sweat. The stretchy elastic waistband delivers a flexible fit.",Clothing-Men,Shorts,variable,32.5,http://eimages.valtim.com/acme-images/product/m/s/msh02-black_main.jpg,,{},,,,"{""overall"":100,""category"":998}",{},
MSH03,Meteor Workout Short,This is a variable product called a Meteor Workout Short,"Step into the Meteor Workout Short for an incredibly lightweight fitness experience. Its breathable construction and an inner brief provide additional comfort and support, while the adjustable waistband offers the perfect fit to take you to the finish.",Clothing-Men,Shorts,variable,32.5,http://eimages.valtim.com/acme-images/product/m/s/msh03-blue_main.jpg,,{},,,,"{""overall"":100,""category"":998}",{},
MSH04,Torque Power Short,This is a variable product called a Torque Power Short,"Take a turn in the Torque Power Short and enjoy the smooth, motion-friendly stretch and sweat-wicking, UV-protective material. You'll stay cool, dry and energized miles later.",Clothing-Men,Shorts,variable,32.5,http://eimages.valtim.com/acme-images/product/m/s/msh04-gray_main.jpg,,{},,,,"{""overall"":100,""category"":998}",{},
MSH05,Hawkeye Yoga Short,This is a variable product called a Hawkeye Yoga Short,"What more do you need than a sporty yoga short made with organic cotton and a little spandex for mobility? The Hawkeye Yoga Short brings a stylish, standard fit you can sport with confidence outside the studio.",Clothing-Men,Shorts,variable,29,http://eimages.valtim.com/acme-images/product/m/s/msh05-gray_main.jpg,,{},,,,"{""overall"":100,""category"":998}",{},
MSH06,Lono Yoga Short,This is a variable product called a Lono Yoga Short,"Some shorts are &ldquo;all-purpose,&rdquo; while the Lono Yoga Short has a single purpose: yoga. Soft, flexible outer material moves with your body, and a secure, integrated boxer brief liner gives you extra confidence as you push your physique to the outer limits.",Clothing-Men,Shorts,variable,32,http://eimages.valtim.com/acme-images/product/m/s/msh06-gray_main.jpg,,{},,,,"{""overall"":100,""category"":998}",{},
MSH07,Rapha  Sports Short,This is a variable product called a Rapha  Sports Short,"For those about to sweat, we support you with the Rapha Sports Short. The compression-fit liner surrounds your muscles with the stimulation they need to find your high gear, while moisture-wicking performance fabric helps prevents sweat build-up.",Clothing-Men,Shorts,variable,35,http://eimages.valtim.com/acme-images/product/m/s/msh07-black_main.jpg,,{},,,,"{""overall"":100,""category"":998}",{},
MSH08,Orestes Fitness Short,This is a variable product called a Orestes Fitness Short,"You're out of excuses not to run, lift, or play when you own a pair of the Orestes Fitness Short. You won't complain about the high-performance polyester wicking fabric, reflective safety trim or seamless built-in comfort brief, either.",Clothing-Men,Shorts,variable,35,http://eimages.valtim.com/acme-images/product/m/s/msh08-black_main.jpg,,{},,,,"{""overall"":100,""category"":998}",{},
MSH09,Troy Yoga Short,This is a variable product called a Troy Yoga Short,"The versatile, all-purpose Troy Yoga Short is knee-lengthed with an elastic waistband with drawstring, making it comfortably flexible. The removable LumaTech&trade; wicking liner is also bacteria resistant.",Clothing-Men,Shorts,variable,24,http://eimages.valtim.com/acme-images/product/m/s/msh09-blue_main.jpg,,{},,,,"{""overall"":100,""category"":998}",{},
MSH10,Sol Active Short,This is a variable product called a Sol Active Short,"You'll let your fear go and push your limits in your new Sol Active Short. Featuring ultra-breathable performance fabric and a flat comfort-fit waistband, the Sol Active Short is perfect for high-intensity circuits or high-heat bikram.",Clothing-Men,Shorts,variable,32,http://eimages.valtim.com/acme-images/product/m/s/msh10-blue_main.jpg,,{},,,,"{""overall"":100,""category"":998}",{},
MSH11,Arcadio Gym Short,This is a variable product called a Arcadio Gym Short,"The Arcadio Gym short is a basic-looking piece with a lot more than meets the eye: casual-yet-functional relaxed fit, comfortable waistband and adjustable drawstring. Everything you need, plus more.",Clothing-Men,Shorts,variable,20,http://eimages.valtim.com/acme-images/product/m/s/msh11-blue_main.jpg,,{},,,,"{""overall"":100,""category"":998}",{},
MSH12,Pierce Gym Short,This is a variable product called a Pierce Gym Short,"The Pierce Gym Short is similar to our Arcadio Gym Short, but designed with a fitted, tapered look. A flat waistband with an adjustable drawstring adds comfort, with zippered pockets for safe, easy storage.",Clothing-Men,Shorts,variable,27,http://eimages.valtim.com/acme-images/product/m/s/msh12-red_main.jpg,,{},,,,"{""overall"":100,""category"":998}",{},
MT01,Erikssen CoolTech&trade; Fitness Tank,This is a variable product called a Erikssen CoolTech&trade; Fitness Tank,"A good running tank helps make the miles pass by keep you cool. The Erikssen CoolTech&trade; Fitness Tank completes that mission, with performance fabric engineered to wick perspiration and promote airflow.",Clothing-Men,Tanks,variable,29,http://eimages.valtim.com/acme-images/product/m/t/mt01-red_main.jpg,,{},,,,"{""overall"":100,""category"":998}",{},
MT02,Tristan Endurance Tank,This is a variable product called a Tristan Endurance Tank,"Push yourself through punishing runs, plyometric workouts, intense competition and more in our athletic Tristan Endurance Tank. Constructed with built-in moisture-wicking technology, it's designed to keep you completely cool and dry on the long haul.",Clothing-Men,Tanks,variable,29,http://eimages.valtim.com/acme-images/product/m/t/mt02-white_main.jpg,,{},,,,"{""overall"":100,""category"":998}",{},
MT03,Primo Endurance Tank,This is a variable product called a Primo Endurance Tank,"Chances are your workout goes beyond free weights, which is why the Primo Endurance Tank employs maximum versatility. Run, lift or play ball &ndash; this breathable mesh top will keep you cool during all your activities.",Clothing-Men,Tanks,variable,29,http://eimages.valtim.com/acme-images/product/m/s/msh03-blue_main.jpg,,{},,,,"{""overall"":100,""category"":998}",{},
MT04,Helios Endurance Tank,This is a variable product called a Helios Endurance Tank,"When training pushes your limits, you need gear that works harder than you. Our mesh Helio Training Tank is crafted from super-soft, ultra-lightweight fabric that stretches in all directions to follow your every move, on mat, court or street.",Clothing-Men,Tanks,variable,32,http://eimages.valtim.com/acme-images/product/m/t/mt04-blue_main.jpg,,{},,,,"{""overall"":100,""category"":998}",{},
MT05,Rocco Gym Tank,This is a variable product called a Rocco Gym Tank,"Weights? Heavy Bag? Bikram? However you get sweaty, you'll be prepared with the moisture-wicking all-purpose Rocco Gym Tank. The free-moving cut gives you maximum range of motion, with flatlock seams to eliminate chafing.",Clothing-Men,Tanks,variable,24,http://eimages.valtim.com/acme-images/product/m/t/mt05-blue_main.jpg,,{},,,,"{""overall"":100,""category"":998}",{},
MT06,Vulcan Weightlifting Tank,This is a variable product called a Vulcan Weightlifting Tank,"The Olympic styled Vulcan Weightlifting Tank categorys polyester stretch and flex. Hit the rack in sleeveless style and unleash your personal best. This tank is designed to max performance, comfort and range of motion.",Clothing-Men,Tanks,variable,28,http://eimages.valtim.com/acme-images/product/m/t/mt06-black_main.jpg,,{},,,,"{""overall"":100,""category"":998}",{},
MT07,Argus All-Weather Tank,This is a variable product called a Argus All-Weather Tank,"The Argus All-Weather Tank is sure to become your favorite base layer or go-to cover for hot outdoor workouts. With its subtle reflective safely trim, you can even wear it jogging on urban evenings.",Clothing-Men,Tanks,variable,22,http://eimages.valtim.com/acme-images/product/m/t/mt07-gray_main.jpg,,{},,,,"{""overall"":100,""category"":998}",{},
MT08,Sparta Gym Tank,This is a variable product called a Sparta Gym Tank,"The high performance Sparta Gym Tank is made with thin, light, merino wool and aims to be the perfect base layer or balmy weather running and fitness top.",Clothing-Men,Tanks,variable,29,http://eimages.valtim.com/acme-images/product/m/t/mt08-green_main.jpg,,{},,,,"{""overall"":100,""category"":998}",{},
MT09,Sinbad Fitness Tank,This is a variable product called a Sinbad Fitness Tank,"Solid in color and construction, the 100% cotton-weave Sinbad Fitness Tank moves with you as you press, hold, crunch and stride your way to the ultimate you.",Clothing-Men,Tanks,variable,29,http://eimages.valtim.com/acme-images/product/m/t/mt09-blue_main.jpg,,{},,,,"{""overall"":100,""category"":998}",{},
MT10,Tiberius Gym Tank,This is a variable product called a Tiberius Gym Tank,"Whether you're classy or just sweaty, the Tiberius Gym Tank helps you look good while you're at it. What's more, its moisture-wicking, quick-drying, anti-microbial and anti-odor construction help ensure you're welcome back to the gym.",Clothing-Men,Tanks,variable,18,http://eimages.valtim.com/acme-images/product/m/t/mt10-yellow_main.jpg,,{},,,,"{""overall"":100,""category"":998}",{},
MT11,Atlas Fitness Tank,This is a variable product called a Atlas Fitness Tank,"From weekend warrior to Warrior Pose II, no role can beat the Atlas Fitness Tank, a versatile top for gym and yoga studio. Wicking-weave soft fabric helps prevent uncomfortable chafing.",Clothing-Men,Tanks,variable,18,http://eimages.valtim.com/acme-images/product/m/t/mt11-blue_main.jpg,,{},,,,"{""overall"":100,""category"":998}",{},
MT12,Cassius Sparring Tank,This is a variable product called a Cassius Sparring Tank,"Whether you're up against a partner or the clock, the Cassius Sparring Tank is in your corner, moving effortless with your body. The light and loose feel gives you no reason to give up before the bell or the end of the block.",Clothing-Men,Tanks,variable,18,http://eimages.valtim.com/acme-images/product/m/t/mt12-blue_main.jpg,,{},,,,"{""overall"":100,""category"":998}",{},
WB01,Electra Bra Top,This is a variable product called a Electra Bra Top,"A heavenly soft and stylish eco garment, the Electra Bra Top is perfect for wearing on its own as a hot yoga top or layered under a tank.",Clothing-Women,Bras-Tanks,variable,39,http://eimages.valtim.com/acme-images/product/w/b/wb01-gray_main.jpg,,{},,,,"{""overall"":100,""category"":998}",{},
WB02,Erica Evercool Sports Bra,This is a variable product called a Erica Evercool Sports Bra,"Perfect for medium-impact workouts, our Erica EverCool&trade; Sports Bra brings a brilliant combo of comfort and style. Moisture-wicking technology keeps you dry, and the flattering hybrid racerback promises an unbeatable range of motion.",Clothing-Women,Bras-Tanks,variable,39,http://eimages.valtim.com/acme-images/product/w/b/wb02-blue_main.jpg,,{},,,,"{""overall"":100,""category"":998}",{},
WB03,Celeste Sports Bra,This is a variable product called a Celeste Sports Bra,"Whatever your goals for the day's workout, the Celeste Sports Bra lets you do it in comfort and coolness, plus enhanced support and shaping. A power mesh back zone and moisture-wicking fabric ensure you stay dry.",Clothing-Women,Bras-Tanks,variable,39,http://eimages.valtim.com/acme-images/product/w/b/wb03-green_main.jpg,,{},,,,"{""overall"":100,""category"":998}",{},
WB04,Prima Compete Bra Top,This is a variable product called a Prima Compete Bra Top,"Pull on the Prima Compete Bra Top and you'll love the fabric: soft, stretchy, and ultra lightweight. But you'll also love the racerback cut, for freer movement through all your athletic feats. <br /,`<br /,&bull; Colorblocked details.<br /,&bull; Machine wash/line dry.",Clothing-Women,Bras-Tanks,variable,24,http://eimages.valtim.com/acme-images/product/w/b/wb04-blue_main.jpg,,{},,,,"{""overall"":100,""category"":998}",{},
WB05,Lucia Cross-Fit Bra ,This is a variable product called a Lucia Cross-Fit Bra ,"Being cool is a big part of being comfy, which is why the Lucia Cross-Fit Bra categorys moisture-wicking technology as well as soft, lightweight fabric.",Clothing-Women,Bras-Tanks,variable,39,http://eimages.valtim.com/acme-images/product/w/b/wb05-black_main.jpg,,{},,,,"{""overall"":100,""category"":998}",{},
WH01,Mona Pullover Hoodlie,This is a variable product called a Mona Pullover Hoodlie,"Whether you're after energizing activity or eye-catching apparel, the Mona Pullover is what you want. You'll stay warm and look fashionable, wherever you are.<br /, <br /, &bull; Light green heathered hoodie. <br /, &bull; Long-Sleeve, pullover.<br /, &bull; Long elliptical hem for extra coverage.<br /, &bull; Deep button placket for layering.<br /, &bull; Double rib design.<br /, &bull; Mid layer, mid weight.<br /, &bull; 98% Merino Wool / 2% Spandex",Clothing-Women,Hoodies,variable,57,http://eimages.valtim.com/acme-images/product/w/h/wh01-green_main.jpg,,{},,,,"{""overall"":100,""category"":998}",{},
WH02,Hera Pullover Hoodie,This is a variable product called a Hera Pullover Hoodie,"Get ready to rule the studio and dominate the yoga mat in the Hera Pullover Hoodie, a cozy yet classy look for any level of yogi.",Clothing-Women,Hoodies,variable,48,http://eimages.valtim.com/acme-images/product/w/h/wh02-blue_main.jpg,,{},,,,"{""overall"":100,""category"":998}",{},
WH03,Autumn Pullie,This is a variable product called a Autumn Pullie,"With ultra-soft fleece fabric and an athletic design, our short-sleeve Autumn Pullie delivers a comfortable fit that makes it an everyday essential. A luxurious roll neck protects you from elements.",Clothing-Women,Hoodies,variable,57,http://eimages.valtim.com/acme-images/product/w/h/wh03-red_main.jpg,,{},,,,"{""overall"":100,""category"":998}",{},
WH04,Miko Pullover Hoodie,This is a variable product called a Miko Pullover Hoodie,"After quality gym time, put on the Miko Pullover Hoody and keep your body warm. You'll find it's fashionable enough for the streets, but comfy enough to relax in at home.",Clothing-Women,Hoodies,variable,69,http://eimages.valtim.com/acme-images/product/w/h/wh04-blue_main.jpg,,{},,,,"{""overall"":100,""category"":998}",{},
WH05,Selene Yoga Hoodie,This is a variable product called a Selene Yoga Hoodie,"The Selene Yoga Hoodie gets you to and from the studio in semi form-fitted comfort. Snug, sleek contours add fashion to function in this free-moving yoga warm up sweatshirt.",Clothing-Women,Hoodies,variable,42,http://eimages.valtim.com/acme-images/product/w/h/wh05-white_main.jpg,,{},,,,"{""overall"":100,""category"":998}",{},
WH06,Daphne Full-Zip Hoodie,This is a variable product called a Daphne Full-Zip Hoodie,"The Daphne Hoodie is an attractive yet rugged layering or outer piece, especially for chilly days en route the studio, doing yardwork or enjoying outdoor recreation.",Clothing-Women,Hoodies,variable,59,http://eimages.valtim.com/acme-images/product/w/h/wh06-purple_main.jpg,,{},,,,"{""overall"":100,""category"":998}",{},
WH07,Phoebe Zipper Sweatshirt,This is a variable product called a Phoebe Zipper Sweatshirt,A sophisticated layer of warmth awaits you in our full-zip sweatshirt jacket. You'll reach for this one in any season to enjoy its sturdy exterior and plush interior.,Clothing-Women,Hoodies,variable,59,http://eimages.valtim.com/acme-images/product/w/h/wh07-gray_main.jpg,,{},,,,"{""overall"":1001,""catalog"":999}",{},
WH08,Cassia Funnel Sweatshirt,This is a variable product called a Cassia Funnel Sweatshirt,The casual Cassia Funnel Sweatshirt sports front angled pockets and a drawstring stretch funnel hoodie. A cowl front neck pairs with a tagless label at back neck.,Clothing-Women,Hoodies,variable,48,http://eimages.valtim.com/acme-images/product/w/h/wh08-white_main.jpg,,{},,,,"{""overall"":1002,""catalog"":999}",{},
WH09,Ariel Roll Sleeve Sweatshirt,This is a variable product called a Ariel Roll Sleeve Sweatshirt,"Soft, sleek and subtle, the Ariel Roll Sleeve Sweatshirt is a nuanced fitness garment for all occasions. It works equally well as a workout piece or in a casual social setting.",Clothing-Women,Hoodies,variable,39,http://eimages.valtim.com/acme-images/product/w/h/wh09-purple_main.jpg,,{},,,,"{""overall"":1003,""catalog"":999}",{},
WH10,Helena Hooded Fleece,This is a variable product called a Helena Hooded Fleece,"Wear this hoodie after the gym or before a chilly weather bike ride. Either way, this versatile sweatshirt offers an effortlessly appealing silhouette and a super-comfy fit. Smooth, stretchy fabric creates flattering shape, while the full-zip placket and hood help block gusty winds.",Clothing-Women,Hoodies,variable,55,http://eimages.valtim.com/acme-images/product/w/h/wh10-gray_main.jpg,,{},,,,"{""overall"":1004,""catalog"":999}",{},
WH11,Eos V-Neck Hoodie,This is a variable product called a Eos V-Neck Hoodie,Getting chilly before class starts? Wear the Eos on your way to and from yoga for a cute and cozy warmup piece. Reach for its reliable comfort and enjoy a super-soft blend of fabrics finished in sporty style that includes a hidden kangaroo pocket.,Clothing-Women,Hoodies,variable,54,http://eimages.valtim.com/acme-images/product/w/h/wh11-blue_main.jpg,,{},,,,"{""overall"":1005,""catalog"":999}",{},
WH12,Circe Hooded Ice Fleece,This is a variable product called a Circe Hooded Ice Fleece,"Keep shivers at bay with the Circe Hooded Ice Fleece. Ultra-thick, high-pile fleece traps your body heat and keeps cold outside. The drawstring hood and ribbed details add extra coziness and touches of classic style. Its relaxed fit is loose enough to layer comfortably over your shirt.",Clothing-Women,Hoodies,variable,68,http://eimages.valtim.com/acme-images/product/w/h/wh12-gray_main.jpg,,{},,,,"{""overall"":1006,""catalog"":999}",{},
WJ01,Stellar Solar Jacket,This is a variable product called a Stellar Solar Jacket,"Beat the heat and protect yourself from sunrays with the Stellar Solar Jacket. It's loaded with all the engineered categorys you need for an intense, safe outdoor workout: 100% UV protection, a breathable perforated construction, and advanced moisture-wicking technology.",Clothing-Women,Jackets,variable,75,http://eimages.valtim.com/acme-images/product/w/j/wj01-red_main.jpg,,{},,,,"{""overall"":1007,""catalog"":999}",{},
WJ02,Josie Yoga Jacket,This is a variable product called a Josie Yoga Jacket,"When your near future includes yoga, the cozy comfort of the Josie Yoga Jacket gets your mind and body ready. Stretchy CoolTech&trade; fabric with zipper pockets makes this jacket the right gear for studio time or teatime after.",Clothing-Women,Jackets,variable,56.25,http://eimages.valtim.com/acme-images/product/w/j/wj02-gray_main.jpg,,{},,,,"{""overall"":1008,""catalog"":999}",{},
WJ03,Augusta Pullover Jacket,This is a variable product called a Augusta Pullover Jacket,"It's hard to be uncomfortable in the Augusta Pullover Jacket with &frac14; zip. With an incredibly soft fleece lining and textured outer fabric, it offers reliable protection from the elements and a cozy fit as well.",Clothing-Women,Jackets,variable,57,http://eimages.valtim.com/acme-images/product/w/j/wj03-red_main.jpg,,{},,,,"{""overall"":1009,""catalog"":999}",{},
WJ04,Ingrid Running Jacket,This is a variable product called a Ingrid Running Jacket,"The Ingrid Running Jacket combines sleek design and high performance with slim, contoured fit and moisture-wicking fabric. It categorys a full-zip construction and a collared neck to keep the elements out and body heat in. <br /,&bull; Slim fit. <br /,&bull; Moisture-wicking fabric. <br /,&bull; Two side pockets. <br /,&bull; Zippered pocket at back waist. <br /,&bull; Machine wash/dry.<br /,&bull; Ivory specked full zip",Clothing-Women,Jackets,variable,84,http://eimages.valtim.com/acme-images/product/w/j/wj04-white_main.jpg,,{},,,,"{""overall"":1010,""catalog"":999}",{},
WJ05,Riona Full Zip Jacket,This is a variable product called a Riona Full Zip Jacket,"The Riona Basic Zip Jacket makes the perfect extra layer for cold-weather workouts. It categorys amazing breathability and moisture management, but full-length zipper lets you moderate your core temperature even more.",Clothing-Women,Jackets,variable,60,http://eimages.valtim.com/acme-images/product/w/j/wj05-brown_main.jpg,,{},,,,"{""overall"":1000,""catalog"":999}",{},
WJ06,Juno Jacket,This is a variable product called a Juno Jacket,"On colder-than-comfortable mornings, you'll love warming up in the Juno All-Ways Performanc Jacket, designed to compete with wind and chill. Built-in Cocona&reg; technology aids evaporation, while a special zip placket and stand-up collar keep your neck protected.",Clothing-Women,Jackets,variable,77,http://eimages.valtim.com/acme-images/product/w/j/wj06-purple_main.jpg,,{},,,,"{""overall"":1000,""catalog"":999}",{},
WJ07,Inez Full Zip Jacket,This is a variable product called a Inez Full Zip Jacket,"The Inez Full Zip jacket is more than a cute layer. It's a full-on tech wonder you'll use for outdoor, pre and post workout. You'll love how the highlighted zipper and sleeve safety trim protect and catch looks.",Clothing-Women,Jackets,variable,59,http://eimages.valtim.com/acme-images/product/w/j/wj07-purple_main.jpg,,{},,,,"{""overall"":1000,""catalog"":999}",{},
WJ08,Adrienne Trek Jacket,This is a variable product called a Adrienne Trek Jacket,"You're ready for a cross-country jog or a coffee on the patio in the Adrienne Trek Jacket. Its style is unique with stand collar and drawstrings, and it fits like a jacket should.",Clothing-Women,Jackets,variable,57,http://eimages.valtim.com/acme-images/product/w/j/wj08-gray_main.jpg,,{},,,,"{""overall"":1000,""catalog"":999}",{},
WJ09,Jade Yoga Jacket,This is a variable product called a Jade Yoga Jacket,"<br /,If only all your other jackets were as comfortable as the relaxed-fit Jade Yoga Jacket, perfect for use during stretching, biking to and from studio or strolling on breezy fall days.",Clothing-Women,Jackets,variable,32,http://eimages.valtim.com/acme-images/product/w/j/wj09-green_main.jpg,,{},,,,"{""overall"":1000,""catalog"":999}",{},
WJ10,Nadia Elements Shell,This is a variable product called a Nadia Elements Shell,"Protect yourself from wind and rain in the stylish Nadia Elements Shell. It repels water using hydro-resistant fabric, with fleece lining that adds a touch of warmth. It's finished with bold contrast zippers, adjustable cuffs and a hood.",Clothing-Women,Jackets,variable,69,http://eimages.valtim.com/acme-images/product/w/j/wj10-yellow_main.jpg,,{},,,,"{""overall"":1000,""catalog"":999}",{},
WJ11,Neve Studio Dance Jacket,This is a variable product called a Neve Studio Dance Jacket,"If you're constantly on the move, the Neve Studio Dance Jacket is for you. It's not just for dance, either, with a tight fit that works as a mid-layer. The reversible design makes it even more versatile.",Clothing-Women,Jackets,variable,69,http://eimages.valtim.com/acme-images/product/w/j/wj11-blue_main.jpg,,{},,,,"{""overall"":1000,""catalog"":999}",{},
WJ12,Olivia 1/4 Zip Light Jacket,This is a variable product called a Olivia 1/4 Zip Light Jacket,"Running errands or headed to the gym, you just want to be comfortable. The Olivia Light Jacket promises that, plus a laid-back look. This zip-up is designed with shoulder stripes for an athletic touch, and banded waist and contoured seams for a flattering silhouette.",Clothing-Women,Jackets,variable,77,http://eimages.valtim.com/acme-images/product/w/j/wj12-blue_main.jpg,,{},,,,"{""overall"":1000,""catalog"":999}",{},
WP01,Karmen Yoga Pant,This is a variable product called a Karmen Yoga Pant,"Good for running, hiking, lounging or stretching, the Cora Parachute Pant presents comfortable styling designed to help you look and feel great.",Clothing-Women,Pants,variable,39,http://eimages.valtim.com/acme-images/product/w/p/wp01-gray_main.jpg,,{},,,,"{""overall"":1000,""catalog"":999}",{},
WP02,Emma Leggings,This is a variable product called a Emma Leggings,These comfortable and practical leggings pair perfectly with any workout top or casual tee. The Emma's subtle contrast fabric and fit ensure you're stylish without overdoing it.,Clothing-Women,Pants,variable,42,http://eimages.valtim.com/acme-images/product/w/p/wp02-blue_main.jpg,,{},,,,"{""overall"":1000,""catalog"":999}",{},
WP03,Ida Workout Parachute Pant,This is a variable product called a Ida Workout Parachute Pant,"The Ida Workout Parachute Pant is made of lightweight, super-soft fabric that keeps you comfortable during any level of activity, whether Downward Dog or a few trail miles.",Clothing-Women,Pants,variable,48,http://eimages.valtim.com/acme-images/product/w/p/wp03-blue_main.jpg,,{},,,,"{""overall"":1000,""catalog"":999}",{},
WP04,Cora Parachute Pant,This is a variable product called a Cora Parachute Pant,"Good for running, hiking, lounging or stretching, the Cora Parachute Pant presents comfortable styling designed to help you look and feel great.",Clothing-Women,Pants,variable,75,http://eimages.valtim.com/acme-images/product/w/p/wp04-blue_main.jpg,,{},,,,"{""overall"":1000,""catalog"":999}",{},
WP05,Sahara Leggings,This is a variable product called a Sahara Leggings,"Contrast colors, full-length leggings, and opaque, high-stretch fabric define the Sahara. Flat-locked seams and quick-drying wicking properties prevent chafing. A deep elasticated waistband and carefully positioned seamlines create a flattering silhouette.",Clothing-Women,Pants,variable,75,http://eimages.valtim.com/acme-images/product/w/p/wp05-gray_main.jpg,,{},,,,"{""overall"":1000,""catalog"":999}",{},
WP06,Diana Tights,This is a variable product called a Diana Tights,Perfect for hot bikram session or cool-down stretching. 8-percent stretch means you'll feel like anything is possible in the capri-style Diana Tights.,Clothing-Women,Pants,variable,59,http://eimages.valtim.com/acme-images/product/w/p/wp06-black_main.jpg,,{},,,,"{""overall"":1000,""catalog"":999}",{},
WP07,Aeon Capri,This is a variable product called a Aeon Capri,"Reach for the stars and beyond in these Aeon Capri pant. With a soft, comfortable feel and moisture wicking fabric, these duo-tone leggings are easy to wear -- and wear attractively.",Clothing-Women,Pants,variable,48,http://eimages.valtim.com/acme-images/product/w/p/wp07-black_main.jpg,,{},,,,"{""overall"":1000,""catalog"":999}",{},
WP08,Bardot Capri,This is a variable product called a Bardot Capri,Black is back &mdash; was it ever gone? &mdash; which means all your favorite tops will get along with the comfortable and versatile Bardot Capri.,Clothing-Women,Pants,variable,48,http://eimages.valtim.com/acme-images/product/w/p/wp08-black_main.jpg,,{},,,,"{""overall"":1000,""catalog"":999}",{},
WP09,Carina Basic Capri,This is a variable product called a Carina Basic Capri,"Perfect as workout pants or accessory, the Carina Basic Capri is comfy as it is practical -- try it under skirts or shorts.",Clothing-Women,Pants,variable,51,http://eimages.valtim.com/acme-images/product/w/p/wp09-black_main.jpg,,{},,,,"{""overall"":1000,""catalog"":999}",{},
WP10,Daria Bikram Pant,This is a variable product called a Daria Bikram Pant,The Daria Bikram Pant is designed to stretch and move with your body to make extreme yoga extremely comfortable.,Clothing-Women,Pants,variable,51,http://eimages.valtim.com/acme-images/product/w/p/wp10-gray_main.jpg,,{},,,,"{""overall"":1000,""catalog"":999}",{},
WP11,Sylvia Capri,This is a variable product called a Sylvia Capri,"Enjoy a sleek, slendering look in new Silvia Capri. Its engineer-designed support fabric feels great and gives the illusion of a slimmer fit.",Clothing-Women,Pants,variable,42,http://eimages.valtim.com/acme-images/product/w/p/wp11-green_main.jpg,,{},,,,"{""overall"":1000,""catalog"":999}",{},
WP12,Deirdre Relaxed-Fit Capri,This is a variable product called a Deirdre Relaxed-Fit Capri,"Invigorate your yoga practice with this Deirdre Relaxed-Fit Capri, designed to let you move without strain or restriction.",Clothing-Women,Pants,variable,63,http://eimages.valtim.com/acme-images/product/w/p/wp12-gray_main.jpg,,{},,,,"{""overall"":1000,""catalog"":999}",{},
WP13,Portia Capri,This is a variable product called a Portia Capri,"From yoga at dawn to evenings curled up with a book, our Portia Capri gives you the comfort and freedom to cruise through the day. The high-waisted design keeps you covered while you're bending and stretching, while contrast stripes promise a dash of sporty style.",Clothing-Women,Pants,variable,49,http://eimages.valtim.com/acme-images/product/w/p/wp13-orange_main.jpg,,{},,,,"{""overall"":1000,""catalog"":999}",{},
WS01,Gwyn Endurance Tee,This is a variable product called a Gwyn Endurance Tee,"When the miles add up, comfort is crucial. The short-sleeve Gwyn Endurance Tee is designed with an ultra-lightweight blend of breathable fabrics to help you tackle your training. Female-specific seams and a sporty v-neckline offer subtle style.",Clothing-Women,Tees,variable,24,http://eimages.valtim.com/acme-images/product/w/s/ws01-black_main.jpg,,{},,,,"{""overall"":1000,""catalog"":999}",{},
WS02,Gabrielle Micro Sleeve Top,This is a variable product called a Gabrielle Micro Sleeve Top,"Luma's most popular top, the Gabrielle Micro Sleeve is back with even more comfort and style.",Clothing-Women,Tees,variable,28,http://eimages.valtim.com/acme-images/product/w/s/ws02-green_main.jpg,,{},,,,"{""overall"":1000,""catalog"":999}",{},
WS03,Iris Workout Top,This is a variable product called a Iris Workout Top,"The Iris Workout Top is sleeveless, body fitting and moisture wicking for a fashionable, functional garment. Rouched textures add style.",Clothing-Women,Tees,variable,29,http://eimages.valtim.com/acme-images/product/w/s/ws03-red_main.jpg,,{},,,,"{""overall"":1000,""catalog"":999}",{},
WS04,Layla Tee,This is a variable product called a Layla Tee,"Work out or hang out in chic style in the Layla Tee. With a lightweight sheer design and a roomy neckline, this tee fits you comfortably while looking stylish.",Clothing-Women,Tees,variable,29,http://eimages.valtim.com/acme-images/product/w/s/ws04-green_main.jpg,,{},,,,"{""overall"":1000,""catalog"":999}",{},
WS05,Desiree Fitness Tee,This is a variable product called a Desiree Fitness Tee,"When you're too far to turn back, thank yourself for choosing the Desiree Fitness Tee. Its ultra-lightweight, ultra-breathable fabric wicks sweat away from your body and helps keeps you cool for the distance.",Clothing-Women,Tees,variable,24,http://eimages.valtim.com/acme-images/product/w/s/ws05-black_main.jpg,,{},,,,"{""overall"":1000,""catalog"":999}",{},
WS06,Elisa EverCool&trade; Tee,This is a variable product called a Elisa EverCool&trade; Tee,"When rising temps threaten to melt you down, Elisa EverCool&trade; Tee brings serious relief. Moisture-wicking fabric pulls sweat away from your skin, while the innovative seams hug your muscles to enhance your range of motion.",Clothing-Women,Tees,variable,29,http://eimages.valtim.com/acme-images/product/w/s/ws06-purple_main.jpg,,{},,,,"{""overall"":1000,""catalog"":999}",{},
WS07,Juliana Short-Sleeve Tee,This is a variable product called a Juliana Short-Sleeve Tee,"The Juliana Short-Sleeve Tee gives you more than sporty style. Consider that its soft Cocona&reg; polyester fabric accelerates evaporation to help keep you dry and comfortable, too. And a selection of colors lets you get more than one.",Clothing-Women,Tees,variable,42,http://eimages.valtim.com/acme-images/product/w/s/ws07-black_main.jpg,,{},,,,"{""overall"":1000,""catalog"":999}",{},
WS08,Minerva LumaTech&trade; V-Tee,This is a variable product called a Minerva LumaTech&trade; V-Tee,Don't be fooled by the simple design of our Minerva LumaTech&trade; V-Neck Tee. This classic training top categorys the same serious sweat-wicking technology as some of the more expensive tees in our lineup.,Clothing-Women,Tees,variable,32,http://eimages.valtim.com/acme-images/product/w/s/ws08-blue_main.jpg,,{},,,,"{""overall"":1000,""catalog"":999}",{},
WS09,Tiffany Fitness Tee,This is a variable product called a Tiffany Fitness Tee,"You'll work out and look cute doing it in the short-sleeve Tiffany Fitness Tee. The longer length and fitted cut offer a smoother silhouette, while scoop neck pattern and drape effects lend a trendy touch.",Clothing-Women,Tees,variable,28,http://eimages.valtim.com/acme-images/product/w/s/ws09-blue_main.jpg,,{},,,,"{""overall"":1000,""catalog"":999}",{},
WS10,Karissa V-Neck Tee,This is a variable product called a Karissa V-Neck Tee,The Karissa V-Neck Tee categorys a semi-fitted shape that's flattering for every figure. You can hit the gym with confidence while it hugs curves and hides common problem areas.,Clothing-Women,Tees,variable,32,http://eimages.valtim.com/acme-images/product/w/s/ws10-red_main.jpg,,{},,,,"{""overall"":1000,""catalog"":999}",{},
WS11,Diva Gym Tee,This is a variable product called a Diva Gym Tee,"The Diva Gym Tee feels like your favorite right out of the mailbox. Micro-sleeved, lightweight and extra comfortable, it's a casual staple that hides incredible comfort behind a laid-back, carefree look.",Clothing-Women,Tees,variable,32,http://eimages.valtim.com/acme-images/product/w/s/ws11-yellow_main.jpg,,{},,,,"{""overall"":1000,""catalog"":999}",{},
WS12,Radiant Tee,This is a variable product called a Radiant Tee,"So light and comfy, you'll love the Radiant Tee's organic fabric, feel, performance and style. You may never want to stop moving in this shirt.",Clothing-Women,Tees,variable,22,http://eimages.valtim.com/acme-images/product/w/s/ws12-orange_main.jpg,,{},,,,"{""overall"":1000,""catalog"":999}",{},
WSH01,Fiona Fitness Short,This is a variable product called a Fiona Fitness Short,"Don't let the plain style fool you: the Fiona Fitness Short demands notice on several levels. Comfort, of course. But also a performance-grade wicking fabric that takes everything you can give.",Clothing-Women,Shorts,variable,29,http://eimages.valtim.com/acme-images/product/w/s/wsh01-black_main.jpg,,{},,,,"{""overall"":1000,""catalog"":999}",{},
WSH02,Maxima Drawstring Short,This is a variable product called a Maxima Drawstring Short,"Even laid-back women like to stay stylish, and that's just what the Maxima Drawstring Short delivers. An elastic waist keeps the fit flexible, on the deck at home or on a trail walk. Sporty tennis flair adds an athletic accent.",Clothing-Women,Shorts,variable,28,http://eimages.valtim.com/acme-images/product/w/s/wsh02-gray_main.jpg,,{},,,,"{""overall"":1000,""catalog"":999}",{},
WSH03,Gwen Drawstring Bike Short,This is a variable product called a Gwen Drawstring Bike Short,"For a completely modern style with moisture-wicking CoolTech&trade; technology, try the Gwen Drawstring Bike Short. Subtle grays and eye catching stitching combine with an adjustable waist for the perfect look and fit.",Clothing-Women,Shorts,variable,50,http://eimages.valtim.com/acme-images/product/w/s/wsh03-gray_main.jpg,,{},,,,"{""overall"":1000,""catalog"":999}",{},
WSH04,Artemis Running Short,This is a variable product called a Artemis Running Short,Discover smooth jogging and chic comfort each time you slip into the Artemis Running Short. A unique maritime-inspired design and oolor theme categorys a stretchy drawstring waist.,Clothing-Women,Shorts,variable,45,http://eimages.valtim.com/acme-images/product/w/s/wsh04-black_main.jpg,,{},,,,"{""overall"":1000,""catalog"":999}",{},
WSH05,Bess Yoga Short,This is a variable product called a Bess Yoga Short,"Designed for intense physical activity &ndash; think bikram &ndash; our Bess Yoga Short categorys moisture-wicking, four-way stretch fabric that lets you move in every which way. A vented gusset adds breathability and range of motion.",Clothing-Women,Shorts,variable,28,http://eimages.valtim.com/acme-images/product/w/s/wsh05-blue_main.jpg,,{},,,,"{""overall"":1000,""catalog"":999}",{},
WSH06,Angel Light Running Short,This is a variable product called a Angel Light Running Short,"The Angel Light Running Short offers comfort in an ultra-lightweight, breathable package. With fabric infused with all-natural Cocona&reg; performance technology, it can whisk away sweat and block UV rays.",Clothing-Women,Shorts,variable,42,http://eimages.valtim.com/acme-images/product/w/s/wsh06-gray_main.jpg,,{},,,,"{""overall"":1000,""catalog"":999}",{},
WSH07,Echo Fit Compression Short,This is a variable product called a Echo Fit Compression Short,"Your muscles know it's go time the second you pull on the Echo Fit Compression Short. A balance of firm, stimulating squeeze with breathability, it offers the support and comfort you need to give it your all.",Clothing-Women,Shorts,variable,24,http://eimages.valtim.com/acme-images/product/w/s/wsh07-black_main.jpg,,{},,,,"{""overall"":1000,""catalog"":999}",{},
WSH08,Sybil Running Short,This is a variable product called a Sybil Running Short,"Fortunately, it's okay to look cute while you're working out. The Sybil Running Short combines a fun, color-blocked design with breathable mesh fabric for sporty-fun style.",Clothing-Women,Shorts,variable,44,http://eimages.valtim.com/acme-images/product/w/s/wsh08-purple_main.jpg,,{},,,,"{""overall"":1000,""catalog"":999}",{},
WSH09,Mimi All-Purpose Short,This is a variable product called a Mimi All-Purpose Short,"You can run, bike or swim in the do-anything, water-resistance Mimi Short. No need to worry about rubbing-induced soreness either, with flatlock seams and soft, chafe-resistant material.",Clothing-Women,Shorts,variable,44,http://eimages.valtim.com/acme-images/product/w/s/wsh09-gray_main.jpg,,{},,,,"{""overall"":1000,""catalog"":999}",{},
WSH10,Ana Running Short,This is a variable product called a Ana Running Short,Time to lace up your kicks and beat that personal best in the Ana Running Short. It's designed with breathable mesh side panels to help keep you cool while you master the miles.,Clothing-Women,Shorts,variable,40,http://eimages.valtim.com/acme-images/product/w/s/wsh10-black_main.jpg,,{},,,,"{""overall"":1000,""catalog"":999}",{},
WSH11,Ina Compression Short,This is a variable product called a Ina Compression Short,"One of Luma's most popular items, the Ina Compression Short has you covered with exceptional support and comfort, whether you're running the trail, riding a bike or ripping out reps. The ventilating fabric offers cool relief and prevents irritating chafing.",Clothing-Women,Shorts,variable,49,http://eimages.valtim.com/acme-images/product/w/s/wsh11-blue_main.jpg,,{},,,,"{""overall"":1000,""catalog"":999}",{},
WSH12,Erika Running Short,This is a variable product called Erika Running Shorts,"A great short with a body-hugging design, the Erika Running Short is perfect for runners who prefer a fitted short rather than the traditional baggy variety.",Clothing-Women,Shorts,variable,49,http://eimages.valtim.com/acme-images/product/w/s/wsh12-green_main.jpg,,{},,,,"{""overall"":1000,""catalog"":999}",{},
WT01,Bella Tank,This is a variable product called a Bella Tank,"Style, performance and comfort mix it up in the Bella Tank. With striking color block contrast, fitted form and a built-in bra, you'll be supported and stylish at the same time.",Clothing-Women,Bras-Tanks,variable,29,http://eimages.valtim.com/acme-images/product/w/t/wt01-blue_main.jpg,,{},,,,"{""overall"":1000,""catalog"":999}",{},
WT02,Zoe Tank,This is a variable product called a Zoe Tank,"The Zoe Tank leads with eye-catching fitness-pop looks, keeping your studio style uptrend. The inner shelf bra and soft, breathable fabric create a tank top that looks, feels and fits great.",Clothing-Women,Bras-Tanks,variable,29,http://eimages.valtim.com/acme-images/product/w/t/wt02-orange_main.jpg,,{},,,,"{""overall"":1000,""catalog"":999}",{},
WT03,Nora Practice Tank,This is a variable product called a Nora Practice Tank,"A closet go-to, the Nora Practice Tank can be worn at or after workouts or beneath a baggy tee for a laid-back style. Perfect fit and very comfortable!",Clothing-Women,Bras-Tanks,variable,39,http://eimages.valtim.com/acme-images/product/w/t/wt03-red_main.jpg,,{},,,,"{""overall"":1000,""catalog"":999}",{},
WT04,Nona Fitness Tank,This is a variable product called a Nona Fitness Tank,"It doesn't matter if your goal is 5 miles or an hour of Vinyasa, because our Nona Fitness Tank does it all. You don't have to sacrifice either -- this v-neck top categorys smooth, chafe-free seams and a breathable mesh back insert. Cute, too.",Clothing-Women,Bras-Tanks,variable,39,http://eimages.valtim.com/acme-images/product/w/t/wt04-blue_main.jpg,,{},,,,"{""overall"":1000,""catalog"":999}",{},
WT05,Leah Yoga Top,This is a variable product called a Leah Yoga Top,"The Leah Yoga Top offers a practical, comfortable upper that will not compromise your style. Body hugging fit and interior shelf bra make it suitable for active or leisure pursuits.",Clothing-Women,Bras-Tanks,variable,39,http://eimages.valtim.com/acme-images/product/w/t/wt05-purple_main.jpg,,{},,,,"{""overall"":1000,""catalog"":999}",{},
WT06,Chloe Compete Tank,This is a variable product called a Chloe Compete Tank,"You've earned your figure, so stay cool and let it do all the talking in the form-fitted, sleek racerback Chloe Compete Tank. Designed for total range of motion and performance, the Nona is made with highly breathable mesh fabric.",Clothing-Women,Bras-Tanks,variable,39,http://eimages.valtim.com/acme-images/product/w/t/wt06-blue_main.jpg,,{},,,,"{""overall"":1000,""catalog"":999}",{},
WT07,Maya Tunic,This is a variable product called a Maya Tunic,"With abutted seams and moisture wicking capacity, the Maya Tunic lets you work out in complete comfort.",Clothing-Women,Bras-Tanks,variable,29,http://eimages.valtim.com/acme-images/product/w/t/wt07-green_main.jpg,,{},,,,"{""overall"":1000,""catalog"":999}",{},
WT08,Antonia Racer Tank,This is a variable product called a Antonia Racer Tank,"You won't know what you like best about the Antonia Racer Tank: soft, stretchy, lightweight fabric? Super-cute colorblocked details? Whatever it is, this piece is sure to quickly move to the top of your workout rotation.",Clothing-Women,Bras-Tanks,variable,34,http://eimages.valtim.com/acme-images/product/w/t/wt08-black_main.jpg,,{},,,,"{""overall"":1000,""catalog"":999}",{},
WT09,Breathe-Easy Tank,This is a variable product called a Breathe-Easy Tank,"The Breathe Easy Tank is so soft, lightweight, and comfortable, you won't even know it's there -- until its high-tech Cocona&reg; fabric starts wicking sweat away from your body to help you stay dry and focused. Layer it over your favorite sports bra and get moving.",Clothing-Women,Bras-Tanks,variable,34,http://eimages.valtim.com/acme-images/product/w/t/wt09-white_main.jpg,,{},,,,"{""overall"":1000,""catalog"":999}",{},
24-MG04,Aim Analog Watch,This is a simple product called Aim Analog Watch,"Stay light-years ahead of the competition with our Aim Analog Watch. The flexible, rubberized strap is contoured to conform to the shape of your wrist for a comfortable all-day fit. The face categorys three illuminated hands, a digital read-out of the current time, and stopwatch functions.",Gear,Watches,simple,45,http://eimages.valtim.com/acme-images/product/m/g/mg04-bk-0.jpg,,{},,,,"{""overall"":1000,""catalog"":999}",{},
24-MG01,Endurance Watch,This is a simple product called Endurance Watch,"It's easy to track and monitor your training progress with the Endurance Watch. You'll see standard info like time, date and day of the week, but it also functions for the serious high-mileage athete: lap counter, stopwatch, distance, heart rate, speed/pace, cadence and altitude.",Gear,Watches,simple,49,http://eimages.valtim.com/acme-images/product/m/g/mg01-bk-0.jpg,,{},,,,"{""overall"":1000,""catalog"":999}",{},
24-MG03,Summit Watch,This is a simple product called Summit Watch,"Trek high and low in the attractive Summit Watch, which categorys a digital LED display with time and date, stopwatch, lap counter, and 3-second backlight. It can also calculate the number of steps taken and calories burned.",Gear,Watches,simple,54,http://eimages.valtim.com/acme-images/product/m/g/mg03-br-0.jpg,,{},,,,"{""overall"":1000,""catalog"":999}",{},
24-MG05,Cruise Dual Analog Watch,This is a simple product called Cruise Dual Analog Watch,"Whether you're traveling or wish you were, you'll never let time zones perplex you again with the Cruise Dual Analog Watch. The thick, adjustable band promises a comfortable, personalized fit to this classy, modern time piece.",Gear,Watches,simple,55,http://eimages.valtim.com/acme-images/product/m/g/mg05-br-0.jpg,,{},,,,"{""overall"":1000,""catalog"":999}",{},
24-MG02,Dash Digital Watch,This is a simple product called Dash Digital Watch,"The Dash Digital Watch will challenge you to push harder and longer. Log workouts by date, average, and segment times, and recharge by setting hydration and nutrition alarms. This watch is styled with a sleek, square face and durable rubber strap for a long life.",Gear,Watches,simple,92,http://eimages.valtim.com/acme-images/product/m/g/mg02-bk-0.jpg,,{},,,,"{""overall"":1000,""catalog"":999}",{},
24-WG09,Luma Analog Watch,This is a simple product called Luma Analog Watch,"Designed to stand up to your active lifestyle, this women's Luma Analog Watch categorys a tasteful brushed chrome finish and a stainless steel, water-resistant construction for lasting durability.",Gear,Watches,simple,43,http://eimages.valtim.com/acme-images/product/w/g/wg09-gr-0.jpg,,{},,,,"{""overall"":1000,""catalog"":999}",{},
24-WG01,Bolo Sport Watch,This is a simple product called Bolo Sport Watch,"The Bolo Sport Watch is sleek, sporty and sized just right to fit your smaller wrist. Easy to read and set up, it categorys a large digital face and button-activated alarm and stopwatch. The soft-touch resin band promises no-pinch comfort, while the water-resistant design lets you take your workout to the lap pool.",Gear,Watches,simple,49,http://eimages.valtim.com/acme-images/product/w/g/wg01-bk-0.jpg,,{},,,,"{""overall"":1000,""catalog"":999}",{},
24-WG03,Clamber Watch,This is a simple product called Clamber Watch,"Keep track of time on the treadmill or trail with our Clamber Watch. The flexible, rubberized strap is contoured to conform to your wrist for a comfortable fit all day. The face categorys an illuminated digital read-out of the current time and stopwatch functions.",Gear,Watches,simple,54,http://eimages.valtim.com/acme-images/product/w/g/wg03-gr-0.jpg,,{},,,,"{""overall"":1000,""catalog"":999}",{},
24-WG02,Didi Sport Watch,This is a simple product called Didi Sport Watch,"The Didi Sport Watch helps you keep your workout plan down to the second. The vertical, digital face looks sleek and futuristic. This watch is programmed with tons of helpful categorys such as a timer, an alarm clock, a pedometer, and more to help make your excercise more productive.",Gear,Watches,simple,92,http://eimages.valtim.com/acme-images/product/w/g/wg02-bk-0.jpg,,{},,,,"{""overall"":1000,""catalog"":999}",{},
24-WG085,Sprite Yoga Strap 6 foot,This is a simple product called Sprite Yoga Strap 6 foot,"The Sprite Yoga Strap is your untiring partner in demanding stretches, holds and alignment routines. The strap's 100% organic cotton fabric is woven tightly to form a soft, textured yet non-slip surface. The plastic clasp buckle is easily adjustable, lightweight and durable under strain.",Gear,Fitness-Equipment,simple,14,http://eimages.valtim.com/acme-images/product/l/u/luma-yoga-strap.jpg,,{},,,,"{""overall"":1000,""catalog"":999}",{},
24-WG086,Sprite Yoga Strap 8 foot,This is a simple product called Sprite Yoga Strap 8 foot,"The Sprite Yoga Strap is your untiring partner in demanding stretches, holds and alignment routines. The strap's 100% organic cotton fabric is woven tightly to form a soft, textured yet non-slip surface. The plastic clasp buckle is easily adjustable, lightweight and durable under strain.",Gear,Fitness-Equipment,simple,17,http://eimages.valtim.com/acme-images/product/l/u/luma-yoga-strap.jpg,,{},,,,"{""overall"":1000,""catalog"":999}",{},
24-WG087,Sprite Yoga Strap 10 foot,This is a simple product called Sprite Yoga Strap 10 foot,"The Sprite Yoga Strap is your untiring partner in demanding stretches, holds and alignment routines. The strap's 100% organic cotton fabric is woven tightly to form a soft, textured yet non-slip surface. The plastic clasp buckle is easily adjustable, lightweight and durable under strain.",Gear,Fitness-Equipment,simple,21,http://eimages.valtim.com/acme-images/product/l/u/luma-yoga-strap.jpg,,{},,,,"{""overall"":1000,""catalog"":999}",{},
24-WG081-gray,Sprite Stasis Ball 55 cm,This is a simple product called Sprite Stasis Ball 55 cm,"The Sprite Stasis Ball gives you the toned abs, sides, and back you want by amping up your core workout. With bright colors and a burst-resistant design, it's a must-have for every hard-core exercise addict. Use for abdominal conditioning, balance training, yoga, or even physical therapy.",Gear,Fitness-Equipment,simple,23,http://eimages.valtim.com/acme-images/product/l/u/luma-stability-ball-gray.jpg,,{},,,,"{""overall"":1000,""catalog"":999}",{},
24-WG081-pink,Sprite Stasis Ball 55 cm,This is a simple product called Sprite Stasis Ball 55 cm,"The Sprite Stasis Ball gives you the toned abs, sides, and back you want by amping up your core workout. With bright colors and a burst-resistant design, it's a must-have for every hard-core exercise addict. Use for abdominal conditioning, balance training, yoga, or even physical therapy.",Gear,Fitness-Equipment,simple,23,http://eimages.valtim.com/acme-images/product/l/u/luma-stability-ball-pink.jpg,,{},,,,"{""overall"":1000,""catalog"":999}",{},
24-WG081-blue,Sprite Stasis Ball 55 cm,This is a simple product called Sprite Stasis Ball 55 cm,"The Sprite Stasis Ball gives you the toned abs, sides, and back you want by amping up your core workout. With bright colors and a burst-resistant design, it's a must-have for every hard-core exercise addict. Use for abdominal conditioning, balance training, yoga, or even physical therapy.",Gear,Fitness-Equipment,simple,23,http://eimages.valtim.com/acme-images/product/l/u/luma-stability-ball.jpg,,{},,,,"{""overall"":1000,""catalog"":999}",{},
24-WG082-gray,Sprite Stasis Ball 65 cm,This is a simple product called Sprite Stasis Ball 65 cm,"The Sprite Stasis Ball gives you the toned abs, sides, and back you want by amping up your core workout. With bright colors and a burst-resistant design, it's a must-have for every hard-core exercise addict. Use for abdominal conditioning, balance training, yoga, or even physical therapy.",Gear,Fitness-Equipment,simple,27,http://eimages.valtim.com/acme-images/product/l/u/luma-stability-ball-gray.jpg,,{},,,,"{""overall"":1000,""catalog"":999}",{},
24-WG082-pink,Sprite Stasis Ball 65 cm,This is a simple product called Sprite Stasis Ball 65 cm,"The Sprite Stasis Ball gives you the toned abs, sides, and back you want by amping up your core workout. With bright colors and a burst-resistant design, it's a must-have for every hard-core exercise addict. Use for abdominal conditioning, balance training, yoga, or even physical therapy.",Gear,Fitness-Equipment,simple,27,http://eimages.valtim.com/acme-images/product/l/u/luma-stability-ball-pink.jpg,,{},,,,"{""overall"":1000,""catalog"":999}",{},
24-WG082-blue,Sprite Stasis Ball 65 cm,This is a simple product called Sprite Stasis Ball 65 cm,"The Sprite Stasis Ball gives you the toned abs, sides, and back you want by amping up your core workout. With bright colors and a burst-resistant design, it's a must-have for every hard-core exercise addict. Use for abdominal conditioning, balance training, yoga, or even physical therapy.",Gear,Fitness-Equipment,simple,27,http://eimages.valtim.com/acme-images/product/l/u/luma-stability-ball.jpg,,{},,,,"{""overall"":1000,""catalog"":999}",{},
24-WG083-gray,Sprite Stasis Ball 75 cm,This is a simple product called Sprite Stasis Ball 75 cm,"The Sprite Stasis Ball gives you the toned abs, sides, and back you want by amping up your core workout. With bright colors and a burst-resistant design, it's a must-have for every hard-core exercise addict. Use for abdominal conditioning, balance training, yoga, or even physical therapy.",Gear,Fitness-Equipment,simple,32,http://eimages.valtim.com/acme-images/product/l/u/luma-stability-ball-gray.jpg,,{},,,,"{""overall"":1000,""catalog"":999}",{},
24-WG083-pink,Sprite Stasis Ball 75 cm,This is a simple product called Sprite Stasis Ball 75 cm,"The Sprite Stasis Ball gives you the toned abs, sides, and back you want by amping up your core workout. With bright colors and a burst-resistant design, it's a must-have for every hard-core exercise addict. Use for abdominal conditioning, balance training, yoga, or even physical therapy.",Gear,Fitness-Equipment,simple,32,http://eimages.valtim.com/acme-images/product/l/u/luma-stability-ball-pink.jpg,,{},,,,"{""overall"":1000,""catalog"":999}",{},
24-WG083-blue,Sprite Stasis Ball 75 cm,This is a simple product called Sprite Stasis Ball 75 cm,"The Sprite Stasis Ball gives you the toned abs, sides, and back you want by amping up your core workout. With bright colors and a burst-resistant design, it's a must-have for every hard-core exercise addict. Use for abdominal conditioning, balance training, yoga, or even physical therapy.",Gear,Fitness-Equipment,simple,32,http://eimages.valtim.com/acme-images/product/l/u/luma-stability-ball.jpg,,{},,,,"{""overall"":1000,""catalog"":999}",{},
24-UG06,Affirm Water Bottle ,This is a simple product called Affirm Water Bottle ,"You'll stay hydrated with ease with the Affirm Water Bottle by your side or in hand. Measurements on the outside help you keep track of how much you're drinking, while the screw-top lid prevents spills. A metal carabiner clip allows you to attach it to the outside of a backpack or bag for easy access.",Gear,Fitness-Equipment,simple,7,http://eimages.valtim.com/acme-images/product/u/g/ug06-lb-0.jpg,,{},,,,"{""overall"":1000,""catalog"":999}",{},
24-UG07,Dual Handle Cardio Ball,This is a simple product called Dual Handle Cardio Ball,"Make the most of your limited workout window with our Dual-Handle Cardio Ball. The 15-lb ball maximizes the effort-impact to your abdominal, upper arm and lower-body muscles. It categorys a handle on each side for a firm, secure grip.",Gear,Fitness-Equipment,simple,12,http://eimages.valtim.com/acme-images/product/u/g/ug07-bk-0.jpg,,{},,,,"{""overall"":1000,""catalog"":999}",{},
24-UG04,Zing Jump Rope,This is a simple product called Zing Jump Rope,"One of the world's simplest and most portable exercise devices, a jump rope enables endless variations and fitness output. The Zing Jump Rope goes anywhere and can be used any time. It is adjustable in length and has contoured foam handles for a great grip.",Gear,Fitness-Equipment,simple,12,http://eimages.valtim.com/acme-images/product/u/g/ug04-bk-0.jpg,,{},,,,"{""overall"":1000,""catalog"":999}",{},
24-UG02,Pursuit Lumaflex&trade; Tone Band,This is a simple product called Pursuit Lumaflex&trade; Tone Band,"Save your knees and joints while strengthening arms, legs and core with the Pursuit Lumaflex&trade; Tone Band. This ultra-durable training tool lets you complete a full-body workout free of bulky machines or free weights.",Gear,Fitness-Equipment,simple,16,http://eimages.valtim.com/acme-images/product/u/g/ug02-bk-0.jpg,,{},,,,"{""overall"":1000,""catalog"":999}",{},
24-UG05,Go-Get'r Pushup Grips,This is a simple product called Go-Get'r Pushup Grips,"The Go-Get'r Pushup Grips safely provide the extra range of motion you need for a deep-dip routine targeting core, shoulder, chest and arm strength. Do fewer pushups using more energy, getting better results faster than the standard floor-level technique yield.",Gear,Fitness-Equipment,simple,19,http://eimages.valtim.com/acme-images/product/u/g/ug05-gr-0.jpg,,{},,,,"{""overall"":1000,""catalog"":999}",{},
24-UG01,Quest Lumaflex&trade; Band,This is a simple product called Quest Lumaflex&trade; Band,"From leg extensions and standing squats to a full range of floor routines, the Quest Strength Band brings your own personal gym with you everywhere you go. Designed to add extra resistance to any training session, this strength band helps you tone and define your muscles. You'll love the extra comfort of its grippy handles and adjustable design.",Gear,Fitness-Equipment,simple,19,http://eimages.valtim.com/acme-images/product/u/g/ug01-bk-0.jpg,,{},,,,"{""overall"":1000,""catalog"":999}",{},
24-WG084,Sprite Foam Yoga Brick,This is a simple product called Sprite Foam Yoga Brick,"Our top-selling yoga prop, the 4-inch, high-quality Sprite Foam Yoga Brick is popular among yoga novices and studio professionals alike. An essential yoga accessory, the yoga brick is a critical tool for finding balance and alignment in many common yoga poses. Choose from 5 color options.",Gear,Fitness-Equipment,simple,5,http://eimages.valtim.com/acme-images/product/l/u/luma-yoga-brick.jpg,,{},,,,"{""overall"":1000,""catalog"":999}",{},
24-WG088,Sprite Foam Roller,This is a simple product called Sprite Foam Roller,"It hurts so good to use the Sprite Foam Roller on achy, tired muscles for myofascial massage therapy. Or you can add this fundamental piece to your Pilates and yoga accouterment, or apply towards core stability, strengthening and balance exercise. ",Gear,Fitness-Equipment,simple,19,http://eimages.valtim.com/acme-images/product/l/u/luma-foam-roller.jpg,,{},,,,"{""overall"":1000,""catalog"":999}",{},
24-UG03,Harmony Lumaflex&trade; Strength Band Kit ,This is a simple product called Harmony Lumaflex&trade; Strength Band Kit ,Forget fancy machines and costly memberships - the Harmony Lumaflex&trade; Stength Band Kit is all you need for an amazing workout. The kit has everything you need for a range of strengthening and toning exercises.,Gear,Fitness-Equipment,simple,22,http://eimages.valtim.com/acme-images/product/u/g/ug03-bk-0.jpg,,{},,,,"{""overall"":1000,""catalog"":999}",{},
24-MB01,Joust Duffle Bag,This is a simple product called Joust Duffle Bag,"The sporty Joust Duffle Bag can't be beat - not in the gym, not on the luggage carousel, not anywhere. Big enough to haul a basketball or soccer ball and some sneakers with plenty of room to spare, it's ideal for athletes with places to go.",Gear,Bags,simple,34,http://eimages.valtim.com/acme-images/product/m/b/mb01-blue-0.jpg,,{},,,,"{""overall"":1000,""catalog"":999}",{},
24-MB04,Strive Shoulder Pack,This is a simple product called Strive Shoulder Pack,"Convenience is next to nothing when your day is crammed with action. So whether you're heading to class, gym, or the unbeaten path, make sure you've got your Strive Shoulder Pack stuffed with all your essentials, and extras as well.",Gear,Bags,simple,32,http://eimages.valtim.com/acme-images/product/m/b/mb04-black-0.jpg,,{},,,,"{""overall"":1000,""catalog"":999}",{},
24-MB03,Crown Summit Backpack,This is a simple product called Crown Summit Backpack,"The Crown Summit Backpack is equally at home in a gym locker, study cube or a pup tent, so be sure yours is packed with books, a bag lunch, water bottles, yoga block, laptop, or whatever else you want in hand. Rugged enough for day hikes and camping trips, it has two large zippered compartments and padded, adjustable shoulder straps.",Gear,Bags,simple,38,http://eimages.valtim.com/acme-images/product/m/b/mb03-black-0.jpg,,{},,,,"{""overall"":1000,""catalog"":999}",{},
24-MB05,Wayfarer Messenger Bag,This is a simple product called Wayfarer Messenger Bag,"Perfect for class, work or the gym, the Wayfarer Messenger Bag is packed with pockets. The dual-buckle flap closure reveals an organizational panel, and the roomy main compartment has spaces for your laptop and a change of clothes. An adjustable shoulder strap and easy-grip handle promise easy carrying.",Gear,Bags,simple,45,http://eimages.valtim.com/acme-images/product/m/b/mb05-black-0.jpg,,{},,,,"{""overall"":1000,""catalog"":999}",{},
24-MB06,Rival Field Messenger,This is a simple product called Rival Field Messenger,"The Rival Field Messenger packs all your campus, studio or trail essentials inside a unique design of soft, textured leather - with loads of character to spare. Two exterior pockets keep all your smaller items handy, and the roomy interior offers even more space.",Gear,Bags,simple,45,http://eimages.valtim.com/acme-images/product/m/b/mb06-gray-0.jpg,,{},,,,"{""overall"":1000,""catalog"":999}",{},
24-MB02,10 kg Fusion Backpack,This is a simple product called Fusion Backpack,"With the Fusion Backpack strapped on, every trek is an adventure - even a bus ride to work. That's partly because two large zippered compartments store everything you need, while a front zippered pocket and side mesh pouches are perfect for stashing those little extras, in case you change your mind and take the day off.",Gear,Bags,simple,59,http://eimages.valtim.com/acme-images/product/m/b/mb02-gray-0.jpg,,{},,,,"{""overall"":1000,""catalog"":999}",{},
24-UB02,20 kg Impulse Duffle,This is a simple product called Impulse Duffle,"Good for beach trips, track meets, yoga retreats and more, the Impulse Duffle is the companion you'll want at your side. A large U-shaped opening makes packing a hassle-free affair, while a zippered interior pocket keeps jewelry and other small valuables safely tucked out of sight.",Gear,Bags,simple,74,http://eimages.valtim.com/acme-images/product/u/b/ub02-black-0.jpg,,{},,,,"{""overall"":1000,""catalog"":999}",{},
24-WB01,Voyage Yoga Bag,This is a simple product called Voyage Yoga Bag,"Everything you need for a trip to the gym will fit inside this surprisingly spacious Voyage Yoga Bag. Stock it with a water bottle, change of clothes, pair of shoes, and even a few beauty products. Fits inside a locker and zips shut for security.",Gear,Bags,simple,32,http://eimages.valtim.com/acme-images/product/w/b/wb01-black-0.jpg,,{},,,,"{""overall"":1000,""catalog"":999}",{},
24-WB02,Compete Track Tote,This is a simple product called Compete Track Tote,"The Compete Track Tote holds a host of exercise supplies with ease. Stash your towel, jacket and street shoes inside. Tuck water bottles in easy-access external spaces. Perfect for trips to gym or yoga studio, with dual top handles for convenience to and from.",Gear,Bags,simple,32,http://eimages.valtim.com/acme-images/product/w/b/wb02-green-0.jpg,,{},,,,"{""overall"":1000,""catalog"":999}",{},
24-WB05,Savvy Shoulder Tote,This is a simple product called Savvy Shoulder Tote,"Powerwalking to the gym or strolling to the local coffeehouse, the Savvy Shoulder Tote lets you stash your essentials in sporty style! A top-loading compartment provides quick and easy access to larger items, while zippered pockets on the front and side hold cash, credit cards and phone.",Gear,Bags,simple,32,http://eimages.valtim.com/acme-images/product/w/b/wb05-red-0.jpg,,{},,,,"{""overall"":1000,""catalog"":999}",{},
24-WB06,Endeavor Daytrip Backpack,This is a simple product called Endeavor Daytrip Backpack,"With more room than it appears, the Endeavor Daytrip Backpack will hold a whole day's worth of books, binders and gym clothes. The spacious main compartment includes a dedicated laptop sleeve. Two other compartments offer extra storage space.",Gear,Bags,simple,33,http://eimages.valtim.com/acme-images/product/w/b/wb06-red-0.jpg,,{},,,,"{""overall"":1000,""catalog"":999}",{},
24-WB03,Uner 10$ Driven Backpack,This is a simple product called Driven Backpack,"School books, camp gear and yoga clothes get along just fine in the all-purpose Driven Backpack. Crafted with tough polyester ripstop fabric, it's outfitted with rubberized end panels and padded, adjustable shoulder straps. The roomy main compartment categorys molded foam pockets that host everything you need.",Gear,Bags,simple,36,http://eimages.valtim.com/acme-images/product/w/b/wb03-purple-0.jpg,,{},,,,"{""overall"":1000,""catalog"":999}",{},
24-WB07,50 kilogram Overnight Duffle,This is a simple product called Overnight Duffle,"For long weekends away, camping outings and business trips, the Overnight Duffle can't be beat. The dual handles make it a cinch to carry, while the durable waterproof exterior helps you worry less about the weather. With multiple organizational pockets inside and out, it's the perfect travel companion.",Gear,Bags,simple,45,http://eimages.valtim.com/acme-images/product/w/b/wb07-brown-0.jpg,,{},,,,"{""overall"":1000,""catalog"":999}",{},
24-WB04,5$ Push It Messenger Bag,This is a simple product called Push It Messenger Bag,"The name says so, but the Push It Messenger Bag is much more than a busy commuter's tote. It's a closet away from home when you're pedaling from class or work to gym and back or home again. It's the perfect size and shape for laptop, folded clothes, even extra shoes.",Gear,Bags,simple,45,http://eimages.valtim.com/acme-images/product/w/b/wb04-blue-0.jpg,,{},,,,"{""overall"":1000,""catalog"":999}",{},